,Index,Data,Combustible,Tipo
0,2000-01-01,634667.06,Diesel,Consumo
1,2000-02-01,642380.66,Diesel,Consumo
2,2000-03-01,699807.25,Diesel,Consumo
3,2000-04-01,586803.98,Diesel,Consumo
4,2000-05-01,656948.2,Diesel,Consumo
5,2000-06-01,570919.88,Diesel,Consumo
6,2000-07-01,576436.02,Diesel,Consumo
7,2000-08-01,593770.77,Diesel,Consumo
8,2000-09-01,590145.4,Diesel,Consumo
9,2000-10-01,641113.36,Diesel,Consumo
10,2000-11-01,657086.3,Diesel,Consumo
11,2000-12-01,673282.26,Diesel,Consumo
12,2001-01-01,569328.78702381,Diesel,Consumo
13,2001-02-01,597749.831785715,Diesel,Consumo
14,2001-03-01,736085.973214286,Diesel,Consumo
15,2001-04-01,606257.658928572,Diesel,Consumo
16,2001-05-01,664082.6575,Diesel,Consumo
17,2001-06-01,559333.033690476,Diesel,Consumo
18,2001-07-01,589452.734642857,Diesel,Consumo
19,2001-08-01,568546.374642857,Diesel,Consumo
20,2001-09-01,533108.394642857,Diesel,Consumo
21,2001-10-01,603371.184642857,Diesel,Consumo
22,2001-11-01,626156.184642857,Diesel,Consumo
23,2001-12-01,664190.184642857,Diesel,Consumo
24,2002-01-01,726672.599166666,Diesel,Consumo
25,2002-02-01,694344.779166666,Diesel,Consumo
26,2002-03-01,656379.289166666,Diesel,Consumo
27,2002-04-01,683646.169166666,Diesel,Consumo
28,2002-05-01,707165.469166666,Diesel,Consumo
29,2002-06-01,667820.709166666,Diesel,Consumo
30,2002-07-01,656761.599166666,Diesel,Consumo
31,2002-08-01,657099.739166666,Diesel,Consumo
32,2002-09-01,653664.599166666,Diesel,Consumo
33,2002-10-01,653053.269166666,Diesel,Consumo
34,2002-11-01,671401.329166666,Diesel,Consumo
35,2002-12-01,676192.449166666,Diesel,Consumo
36,2003-01-01,769843.3,Diesel,Consumo
37,2003-02-01,709783.58,Diesel,Consumo
38,2003-03-01,786484.49,Diesel,Consumo
39,2003-04-01,709626.3875,Diesel,Consumo
40,2003-05-01,755982.05,Diesel,Consumo
41,2003-06-01,641540.08,Diesel,Consumo
42,2003-07-01,631704.12,Diesel,Consumo
43,2003-08-01,613428.55,Diesel,Consumo
44,2003-09-01,582989.47,Diesel,Consumo
45,2003-10-01,722763.6,Diesel,Consumo
46,2003-11-01,639828.39,Diesel,Consumo
47,2003-12-01,652872.45,Diesel,Consumo
48,2004-01-01,656987.4,Diesel,Consumo
49,2004-02-01,659540.43,Diesel,Consumo
50,2004-03-01,746236.84,Diesel,Consumo
51,2004-04-01,633766.06,Diesel,Consumo
52,2004-05-01,556369.7,Diesel,Consumo
53,2004-06-01,560393.48,Diesel,Consumo
54,2004-07-01,583098.546,Diesel,Consumo
55,2004-08-01,699610.8,Diesel,Consumo
56,2004-09-01,612639.57,Diesel,Consumo
57,2004-10-01,619084.79,Diesel,Consumo
58,2004-11-01,705298.16,Diesel,Consumo
59,2004-12-01,761864.3,Diesel,Consumo
60,2005-01-01,724692.36,Diesel,Consumo
61,2005-02-01,717116.77,Diesel,Consumo
62,2005-03-01,802139.58,Diesel,Consumo
63,2005-04-01,803996.93,Diesel,Consumo
64,2005-05-01,715360.44,Diesel,Consumo
65,2005-06-01,681743.36,Diesel,Consumo
66,2005-07-01,678614.47,Diesel,Consumo
67,2005-08-01,693681.13,Diesel,Consumo
68,2005-09-01,666258.37,Diesel,Consumo
69,2005-10-01,589830.24,Diesel,Consumo
70,2005-11-01,701255.47,Diesel,Consumo
71,2005-12-01,775027.2,Diesel,Consumo
72,2006-01-01,750946.36,Diesel,Consumo
73,2006-02-01,734530.76,Diesel,Consumo
74,2006-03-01,875047.29,Diesel,Consumo
75,2006-04-01,711185.23,Diesel,Consumo
76,2006-05-01,734289.15,Diesel,Consumo
77,2006-06-01,672428.87,Diesel,Consumo
78,2006-07-01,684438.7,Diesel,Consumo
79,2006-08-01,707219.69,Diesel,Consumo
80,2006-09-01,650791.38,Diesel,Consumo
81,2006-10-01,683543.13,Diesel,Consumo
82,2006-11-01,739181.99,Diesel,Consumo
83,2006-12-01,776330.26,Diesel,Consumo
84,2007-01-01,810372.66,Diesel,Consumo
85,2007-02-01,799394.6,Diesel,Consumo
86,2007-03-01,956680.19,Diesel,Consumo
87,2007-04-01,758988.58,Diesel,Consumo
88,2007-05-01,811703.69,Diesel,Consumo
89,2007-06-01,720896.77,Diesel,Consumo
90,2007-07-01,721550.61,Diesel,Consumo
91,2007-08-01,736620.9,Diesel,Consumo
92,2007-09-01,669587.88,Diesel,Consumo
93,2007-10-01,738702.86,Diesel,Consumo
94,2007-11-01,779547.05,Diesel,Consumo
95,2007-12-01,768886.87,Diesel,Consumo
96,2008-01-01,797668.91,Diesel,Consumo
97,2008-02-01,794000.25,Diesel,Consumo
98,2008-03-01,776026.79,Diesel,Consumo
99,2008-04-01,807725.77,Diesel,Consumo
100,2008-05-01,682326.18,Diesel,Consumo
101,2008-06-01,507662.65,Diesel,Consumo
102,2008-07-01,544399.26,Diesel,Consumo
103,2008-08-01,556174.4,Diesel,Consumo
104,2008-09-01,557802.62,Diesel,Consumo
105,2008-10-01,617863.13,Diesel,Consumo
106,2008-11-01,688104.11,Diesel,Consumo
107,2008-12-01,778953.84,Diesel,Consumo
108,2009-01-01,800526.47,Diesel,Consumo
109,2009-02-01,795050.51,Diesel,Consumo
110,2009-03-01,865981.57,Diesel,Consumo
111,2009-04-01,822109.74,Diesel,Consumo
112,2009-05-01,770687.28,Diesel,Consumo
113,2009-06-01,703815.55,Diesel,Consumo
114,2009-07-01,740868.09,Diesel,Consumo
115,2009-08-01,692376.7,Diesel,Consumo
116,2009-09-01,687435.1,Diesel,Consumo
117,2009-10-01,775739.56,Diesel,Consumo
118,2009-11-01,738678.65,Diesel,Consumo
119,2009-12-01,891670.41,Diesel,Consumo
120,2010-01-01,777741.34,Diesel,Consumo
121,2010-02-01,807692.1,Diesel,Consumo
122,2010-03-01,1017058.18,Diesel,Consumo
123,2010-04-01,762770.01,Diesel,Consumo
124,2010-05-01,721668.18,Diesel,Consumo
125,2010-06-01,683236.54,Diesel,Consumo
126,2010-07-01,721584.6,Diesel,Consumo
127,2010-08-01,695796.33,Diesel,Consumo
128,2010-09-01,687553.88,Diesel,Consumo
129,2010-10-01,745415.51,Diesel,Consumo
130,2010-11-01,785917.4,Diesel,Consumo
131,2010-12-01,843762.0,Diesel,Consumo
132,2011-01-01,850696.79,Diesel,Consumo
133,2011-02-01,819940.5,Diesel,Consumo
134,2011-03-01,900485.91,Diesel,Consumo
135,2011-04-01,797527.23,Diesel,Consumo
136,2011-05-01,803849.53,Diesel,Consumo
137,2011-06-01,729676.79,Diesel,Consumo
138,2011-07-01,718255.06,Diesel,Consumo
139,2011-08-01,699736.08,Diesel,Consumo
140,2011-09-01,660384.93,Diesel,Consumo
141,2011-10-01,672214.93,Diesel,Consumo
142,2011-11-01,794507.24,Diesel,Consumo
143,2011-12-01,862318.8,Diesel,Consumo
144,2012-01-01,814956.72,Diesel,Consumo
145,2012-02-01,848067.25,Diesel,Consumo
146,2012-03-01,925065.27,Diesel,Consumo
147,2012-04-01,792201.73,Diesel,Consumo
148,2012-05-01,771542.47,Diesel,Consumo
149,2012-06-01,712464.94,Diesel,Consumo
150,2012-07-01,699130.04,Diesel,Consumo
151,2012-08-01,716720.36,Diesel,Consumo
152,2012-09-01,632120.37,Diesel,Consumo
153,2012-10-01,728414.88,Diesel,Consumo
154,2012-11-01,812523.44,Diesel,Consumo
155,2012-12-01,848262.93,Diesel,Consumo
156,2013-01-01,863769.41,Diesel,Consumo
157,2013-02-01,808853.97,Diesel,Consumo
158,2013-03-01,898352.2,Diesel,Consumo
159,2013-04-01,966103.92,Diesel,Consumo
160,2013-05-01,827601.25,Diesel,Consumo
161,2013-06-01,775187.12286,Diesel,Consumo
162,2013-07-01,732544.52,Diesel,Consumo
163,2013-08-01,773147.9,Diesel,Consumo
164,2013-09-01,672125.16,Diesel,Consumo
165,2013-10-01,800049.12,Diesel,Consumo
166,2013-11-01,821457.45,Diesel,Consumo
167,2013-12-01,860351.9,Diesel,Consumo
168,2014-01-01,917251.54,Diesel,Consumo
169,2014-02-01,890362.31,Diesel,Consumo
170,2014-03-01,1004937.39,Diesel,Consumo
171,2014-04-01,972039.42,Diesel,Consumo
172,2014-05-01,877263.31,Diesel,Consumo
173,2014-06-01,733508.7,Diesel,Consumo
174,2014-07-01,826918.81,Diesel,Consumo
175,2014-08-01,793694.01,Diesel,Consumo
176,2014-09-01,728498.84,Diesel,Consumo
177,2014-10-01,836278.12,Diesel,Consumo
178,2014-11-01,885713.74,Diesel,Consumo
179,2014-12-01,1021378.09,Diesel,Consumo
180,2015-01-01,1014706.21,Diesel,Consumo
181,2015-02-01,980149.84,Diesel,Consumo
182,2015-03-01,1142551.06,Diesel,Consumo
183,2015-04-01,1011167.74,Diesel,Consumo
184,2015-05-01,944316.66,Diesel,Consumo
185,2015-06-01,880016.47,Diesel,Consumo
186,2015-07-01,902586.36,Diesel,Consumo
187,2015-08-01,887796.85,Diesel,Consumo
188,2015-09-01,734654.215,Diesel,Consumo
189,2015-10-01,834285.95,Diesel,Consumo
190,2015-11-01,925431.0,Diesel,Consumo
191,2015-12-01,1047478.84,Diesel,Consumo
192,2016-01-01,1084043.63,Diesel,Consumo
193,2016-02-01,1055672.64,Diesel,Consumo
194,2016-03-01,1107296.65,Diesel,Consumo
195,2016-04-01,1149175.19214286,Diesel,Consumo
196,2016-05-01,1019984.4,Diesel,Consumo
197,2016-06-01,888538.1,Diesel,Consumo
198,2016-07-01,883716.04,Diesel,Consumo
199,2016-08-01,866270.02,Diesel,Consumo
200,2016-09-01,877800.56,Diesel,Consumo
201,2016-10-01,916410.7,Diesel,Consumo
202,2016-11-01,1019671.97,Diesel,Consumo
203,2016-12-01,1113827.1,Diesel,Consumo
204,2017-01-01,1079339.3,Diesel,Consumo
205,2017-02-01,1052536.01,Diesel,Consumo
206,2017-03-01,1216423.42,Diesel,Consumo
207,2017-04-01,1032813.29,Diesel,Consumo
208,2017-05-01,1034806.24,Diesel,Consumo
209,2017-06-01,897511.89,Diesel,Consumo
210,2017-07-01,938887.64,Diesel,Consumo
211,2017-08-01,950188.14,Diesel,Consumo
212,2017-09-01,894363.58,Diesel,Consumo
213,2017-10-01,935986.17,Diesel,Consumo
214,2017-11-01,1038598.26,Diesel,Consumo
215,2017-12-01,1117711.45,Diesel,Consumo
216,2018-01-01,1105628.89,Diesel,Consumo
217,2018-02-01,1072071.67,Diesel,Consumo
218,2018-03-01,1194136.18,Diesel,Consumo
219,2018-04-01,1108452.97,Diesel,Consumo
220,2018-05-01,1009750.145,Diesel,Consumo
221,2018-06-01,930065.0,Diesel,Consumo
222,2018-07-01,950343.54,Diesel,Consumo
223,2018-08-01,991818.145,Diesel,Consumo
224,2018-09-01,882303.525,Diesel,Consumo
225,2018-10-01,969095.037,Diesel,Consumo
226,2018-11-01,1061941.911,Diesel,Consumo
227,2018-12-01,1106130.2463,Diesel,Consumo
228,2019-01-01,1152949.52,Diesel,Consumo
229,2019-02-01,1103358.49,Diesel,Consumo
230,2019-03-01,1228025.34,Diesel,Consumo
231,2019-04-01,1160125.11,Diesel,Consumo
232,2019-05-01,1134666.18,Diesel,Consumo
233,2019-06-01,1012030.47,Diesel,Consumo
234,2019-07-01,1030649.68,Diesel,Consumo
235,2019-08-01,1070198.1,Diesel,Consumo
236,2019-09-01,973358.44,Diesel,Consumo
237,2019-10-01,1043629.53,Diesel,Consumo
238,2019-11-01,1122734.55,Diesel,Consumo
239,2019-12-01,1175724.83,Diesel,Consumo
240,2020-01-01,1184419.19,Diesel,Consumo
241,2020-02-01,1233250.24,Diesel,Consumo
242,2020-03-01,1100813.77,Diesel,Consumo
243,2020-04-01,867592.28,Diesel,Consumo
244,2020-05-01,828743.95,Diesel,Consumo
245,2020-06-01,782327.99,Diesel,Consumo
246,2020-07-01,870354.89,Diesel,Consumo
247,2020-08-01,885200.72,Diesel,Consumo
248,2020-09-01,959013.35,Diesel,Consumo
249,2020-10-01,1064005.3,Diesel,Consumo
250,2020-11-01,1072873.46,Diesel,Consumo
251,2020-12-01,1276290.85,Diesel,Consumo
252,2021-01-01,1220637.86,Diesel,Consumo
253,2021-02-01,1272608.93,Diesel,Consumo
254,2021-03-01,1417379.54,Diesel,Consumo
255,2021-04-01,1268491.3,Diesel,Consumo
256,2021-05-01,1188222.54,Diesel,Consumo
257,2021-06-01,1128077.11,Diesel,Consumo
258,2021-07-01,1197398.4,Diesel,Consumo
259,2021-08-01,1104625.93,Diesel,Consumo
260,2021-09-01,1102655.34,Diesel,Consumo
261,2021-10-01,1166983.39,Diesel,Consumo
262,2021-11-01,1223817.11,Diesel,Consumo
263,2021-12-01,1380064.62,Diesel,Consumo
264,2022-01-01,1280998.781,Diesel,Consumo
265,2022-02-01,1266035.92499999,Diesel,Consumo
266,2022-03-01,1335376.893,Diesel,Consumo
267,2022-04-01,1284434.74199999,Diesel,Consumo
268,2022-05-01,1110348.02,Diesel,Consumo
269,2022-06-01,1261734.3805803,Diesel,Consumo
270,2022-07-01,1300334.13555262,Diesel,Consumo
271,2022-08-01,1309041.32799022,Diesel,Consumo
272,2022-09-01,1237983.99955967,Diesel,Consumo
273,2022-10-01,1345819.84596387,Diesel,Consumo
274,2022-11-01,1443345.33848469,Diesel,Consumo
275,2022-12-01,1568281.38979207,Diesel,Consumo
276,2023-01-01,1554541.86232204,Diesel,Consumo
277,2023-02-01,1538802.37904813,Diesel,Consumo
278,2023-03-01,1675451.73928461,Diesel,Consumo
279,2023-04-01,1517314.68275409,Diesel,Consumo
280,2023-05-01,1431892.4020531,Diesel,Consumo
281,2023-06-01,1297209.20798748,Diesel,Consumo
282,2023-07-01,1337332.0787507,Diesel,Consumo
283,2023-08-01,1347479.80567806,Diesel,Consumo
284,2023-09-01,1275482.66186502,Diesel,Consumo
285,2023-10-01,1388359.72043443,Diesel,Consumo
286,2023-11-01,1483449.61957896,Diesel,Consumo
287,2023-12-01,1613079.77179817,Diesel,Consumo
288,2024-01-01,1603409.45181201,Diesel,Consumo
289,2024-02-01,1586547.68890189,Diesel,Consumo
290,2024-03-01,1748484.1249043,Diesel,Consumo
291,2024-04-01,1580148.51659652,Diesel,Consumo
292,2024-05-01,1504792.73443112,Diesel,Consumo
293,2024-06-01,1359622.19935701,Diesel,Consumo
294,2024-07-01,1399587.1355036,Diesel,Consumo
295,2024-08-01,1403043.77555465,Diesel,Consumo
296,2024-09-01,1324004.05670551,Diesel,Consumo
297,2024-10-01,1437118.99140035,Diesel,Consumo
298,2024-11-01,1536635.390196,Diesel,Consumo
299,2024-12-01,1668327.20032544,Diesel,Consumo
300,2025-01-01,1654262.5976686,Diesel,Consumo
301,2025-02-01,1636265.06096941,Diesel,Consumo
302,2025-03-01,1789661.92974279,Diesel,Consumo
303,2025-04-01,1618822.02437224,Diesel,Consumo
304,2025-05-01,1533022.24144628,Diesel,Consumo
0,2000-01-01,566101.99,Diesel,Importacion
1,2000-02-01,489525.8,Diesel,Importacion
2,2000-03-01,575559.68,Diesel,Importacion
3,2000-04-01,437745.42,Diesel,Importacion
4,2000-05-01,552609.13,Diesel,Importacion
5,2000-06-01,497855.26,Diesel,Importacion
6,2000-07-01,302350.02,Diesel,Importacion
7,2000-08-01,464159.13,Diesel,Importacion
8,2000-09-01,321952.94,Diesel,Importacion
9,2000-10-01,438989.55,Diesel,Importacion
10,2000-11-01,440245.35,Diesel,Importacion
11,2000-12-01,479983.27,Diesel,Importacion
12,2001-01-01,500041.32,Diesel,Importacion
13,2001-02-01,686923.83,Diesel,Importacion
14,2001-03-01,432538.46,Diesel,Importacion
15,2001-04-01,424667.36,Diesel,Importacion
16,2001-05-01,497781.66,Diesel,Importacion
17,2001-06-01,496826.62,Diesel,Importacion
18,2001-07-01,636727.84,Diesel,Importacion
19,2001-08-01,346225.0,Diesel,Importacion
20,2001-09-01,638933.22,Diesel,Importacion
21,2001-10-01,703749.81,Diesel,Importacion
22,2001-11-01,573289.5,Diesel,Importacion
23,2001-12-01,678749.64,Diesel,Importacion
24,2002-01-01,797344.38,Diesel,Importacion
25,2002-02-01,765912.66,Diesel,Importacion
26,2002-03-01,693942.31,Diesel,Importacion
27,2002-04-01,873103.096,Diesel,Importacion
28,2002-05-01,625190.08,Diesel,Importacion
29,2002-06-01,671882.83,Diesel,Importacion
30,2002-07-01,822014.55,Diesel,Importacion
31,2002-08-01,494087.13,Diesel,Importacion
32,2002-09-01,614913.68,Diesel,Importacion
33,2002-10-01,433084.99,Diesel,Importacion
34,2002-11-01,627189.78,Diesel,Importacion
35,2002-12-01,745524.88,Diesel,Importacion
36,2003-01-01,762385.45,Diesel,Importacion
37,2003-02-01,460947.5,Diesel,Importacion
38,2003-03-01,772128.26,Diesel,Importacion
39,2003-04-01,809194.95,Diesel,Importacion
40,2003-05-01,634209.64,Diesel,Importacion
41,2003-06-01,461381.79,Diesel,Importacion
42,2003-07-01,467154.31,Diesel,Importacion
43,2003-08-01,669462.53,Diesel,Importacion
44,2003-09-01,714039.85,Diesel,Importacion
45,2003-10-01,655715.05,Diesel,Importacion
46,2003-11-01,726697.88,Diesel,Importacion
47,2003-12-01,781266.61,Diesel,Importacion
48,2004-01-01,663058.79,Diesel,Importacion
49,2004-02-01,683664.39,Diesel,Importacion
50,2004-03-01,778645.07,Diesel,Importacion
51,2004-04-01,708164.74,Diesel,Importacion
52,2004-05-01,875087.62,Diesel,Importacion
53,2004-06-01,1041016.72,Diesel,Importacion
54,2004-07-01,770731.74,Diesel,Importacion
55,2004-08-01,815435.2,Diesel,Importacion
56,2004-09-01,229764.74,Diesel,Importacion
57,2004-10-01,671848.94,Diesel,Importacion
58,2004-11-01,635553.46,Diesel,Importacion
59,2004-12-01,1212610.53,Diesel,Importacion
60,2005-01-01,708730.84,Diesel,Importacion
61,2005-02-01,767710.63,Diesel,Importacion
62,2005-03-01,744721.94,Diesel,Importacion
63,2005-04-01,935306.58,Diesel,Importacion
64,2005-05-01,822556.45,Diesel,Importacion
65,2005-06-01,361207.59,Diesel,Importacion
66,2005-07-01,971716.72,Diesel,Importacion
67,2005-08-01,603747.33,Diesel,Importacion
68,2005-09-01,473431.31,Diesel,Importacion
69,2005-10-01,1220719.64,Diesel,Importacion
70,2005-11-01,431874.86,Diesel,Importacion
71,2005-12-01,890336.68,Diesel,Importacion
72,2006-01-01,818060.57,Diesel,Importacion
73,2006-02-01,822325.65,Diesel,Importacion
74,2006-03-01,569451.85,Diesel,Importacion
75,2006-04-01,850138.11,Diesel,Importacion
76,2006-05-01,793887.04,Diesel,Importacion
77,2006-06-01,855757.14,Diesel,Importacion
78,2006-07-01,1118432.25,Diesel,Importacion
79,2006-08-01,824047.47,Diesel,Importacion
80,2006-09-01,497008.84,Diesel,Importacion
81,2006-10-01,885924.86,Diesel,Importacion
82,2006-11-01,665114.83,Diesel,Importacion
83,2006-12-01,812776.59,Diesel,Importacion
84,2007-01-01,613819.33,Diesel,Importacion
85,2007-02-01,500922.23,Diesel,Importacion
86,2007-03-01,1095743.35,Diesel,Importacion
87,2007-04-01,682042.07,Diesel,Importacion
88,2007-05-01,710464.76,Diesel,Importacion
89,2007-06-01,817804.84,Diesel,Importacion
90,2007-07-01,541486.15,Diesel,Importacion
91,2007-08-01,713650.52,Diesel,Importacion
92,2007-09-01,544521.54,Diesel,Importacion
93,2007-10-01,344273.02,Diesel,Importacion
94,2007-11-01,809439.42,Diesel,Importacion
95,2007-12-01,524038.42,Diesel,Importacion
96,2008-01-01,941535.71,Diesel,Importacion
97,2008-02-01,914059.4,Diesel,Importacion
98,2008-03-01,893473.8,Diesel,Importacion
99,2008-04-01,816840.02,Diesel,Importacion
100,2008-05-01,621339.93,Diesel,Importacion
101,2008-06-01,735260.51,Diesel,Importacion
102,2008-07-01,850806.89,Diesel,Importacion
103,2008-08-01,842742.17,Diesel,Importacion
104,2008-09-01,611966.22,Diesel,Importacion
105,2008-10-01,869366.31,Diesel,Importacion
106,2008-11-01,894309.88,Diesel,Importacion
107,2008-12-01,1144960.66,Diesel,Importacion
108,2009-01-01,905803.65,Diesel,Importacion
109,2009-02-01,447271.92,Diesel,Importacion
110,2009-03-01,947702.88,Diesel,Importacion
111,2009-04-01,613011.21,Diesel,Importacion
112,2009-05-01,1086036.16,Diesel,Importacion
113,2009-06-01,587828.26,Diesel,Importacion
114,2009-07-01,712889.93,Diesel,Importacion
115,2009-08-01,637252.29,Diesel,Importacion
116,2009-09-01,741721.42,Diesel,Importacion
117,2009-10-01,630692.56,Diesel,Importacion
118,2009-11-01,565627.54,Diesel,Importacion
119,2009-12-01,1135293.92,Diesel,Importacion
120,2010-01-01,1033948.69,Diesel,Importacion
121,2010-02-01,772775.58,Diesel,Importacion
122,2010-03-01,707536.31,Diesel,Importacion
123,2010-04-01,767445.36,Diesel,Importacion
124,2010-05-01,918940.44,Diesel,Importacion
125,2010-06-01,553883.42,Diesel,Importacion
126,2010-07-01,734958.54,Diesel,Importacion
127,2010-08-01,1014324.28,Diesel,Importacion
128,2010-09-01,795554.71,Diesel,Importacion
129,2010-10-01,612133.26,Diesel,Importacion
130,2010-11-01,575406.48,Diesel,Importacion
131,2010-12-01,732921.03,Diesel,Importacion
132,2011-01-01,790123.23,Diesel,Importacion
133,2011-02-01,887963.98,Diesel,Importacion
134,2011-03-01,978693.29,Diesel,Importacion
135,2011-04-01,697871.28,Diesel,Importacion
136,2011-05-01,833370.09,Diesel,Importacion
137,2011-06-01,767124.65,Diesel,Importacion
138,2011-07-01,1021995.9,Diesel,Importacion
139,2011-08-01,626706.23,Diesel,Importacion
140,2011-09-01,619651.27,Diesel,Importacion
141,2011-10-01,463054.77,Diesel,Importacion
142,2011-11-01,538552.89,Diesel,Importacion
143,2011-12-01,1324780.96,Diesel,Importacion
144,2012-01-01,749266.68,Diesel,Importacion
145,2012-02-01,709843.02,Diesel,Importacion
146,2012-03-01,832627.57,Diesel,Importacion
147,2012-04-01,860094.78,Diesel,Importacion
148,2012-05-01,1202187.85,Diesel,Importacion
149,2012-06-01,729711.88,Diesel,Importacion
150,2012-07-01,693160.5,Diesel,Importacion
151,2012-08-01,505133.44,Diesel,Importacion
152,2012-09-01,803626.98,Diesel,Importacion
153,2012-10-01,980327.98,Diesel,Importacion
154,2012-11-01,903218.47,Diesel,Importacion
155,2012-12-01,791698.89,Diesel,Importacion
156,2013-01-01,1595698.56,Diesel,Importacion
157,2013-02-01,688703.18,Diesel,Importacion
158,2013-03-01,1147182.5,Diesel,Importacion
159,2013-04-01,845051.33,Diesel,Importacion
160,2013-05-01,1008148.07,Diesel,Importacion
161,2013-06-01,694920.68,Diesel,Importacion
162,2013-07-01,845875.86,Diesel,Importacion
163,2013-08-01,760353.37,Diesel,Importacion
164,2013-09-01,598145.89,Diesel,Importacion
165,2013-10-01,762763.24,Diesel,Importacion
166,2013-11-01,1033873.16,Diesel,Importacion
167,2013-12-01,1004032.65,Diesel,Importacion
168,2014-01-01,1324421.96,Diesel,Importacion
169,2014-02-01,955286.02,Diesel,Importacion
170,2014-03-01,1164885.97,Diesel,Importacion
171,2014-04-01,1130870.79,Diesel,Importacion
172,2014-05-01,954782.75,Diesel,Importacion
173,2014-06-01,862071.77,Diesel,Importacion
174,2014-07-01,1149630.43,Diesel,Importacion
175,2014-08-01,919285.9,Diesel,Importacion
176,2014-09-01,754068.77,Diesel,Importacion
177,2014-10-01,1163425.95,Diesel,Importacion
178,2014-11-01,904700.42,Diesel,Importacion
179,2014-12-01,1113876.28,Diesel,Importacion
180,2015-01-01,987507.78,Diesel,Importacion
181,2015-02-01,1167227.96,Diesel,Importacion
182,2015-03-01,1498844.95,Diesel,Importacion
183,2015-04-01,1137213.1,Diesel,Importacion
184,2015-05-01,1035544.08,Diesel,Importacion
185,2015-06-01,800222.53,Diesel,Importacion
186,2015-07-01,859222.62,Diesel,Importacion
187,2015-08-01,701185.75,Diesel,Importacion
188,2015-09-01,1274128.31,Diesel,Importacion
189,2015-10-01,927923.5,Diesel,Importacion
190,2015-11-01,957656.05,Diesel,Importacion
191,2015-12-01,1303735.78,Diesel,Importacion
192,2016-01-01,842993.49,Diesel,Importacion
193,2016-02-01,844676.98,Diesel,Importacion
194,2016-03-01,1351787.92,Diesel,Importacion
195,2016-04-01,1406022.43,Diesel,Importacion
196,2016-05-01,889926.86,Diesel,Importacion
197,2016-06-01,902659.0,Diesel,Importacion
198,2016-07-01,994338.3,Diesel,Importacion
199,2016-08-01,846696.35,Diesel,Importacion
200,2016-09-01,925397.87,Diesel,Importacion
201,2016-10-01,740198.57,Diesel,Importacion
202,2016-11-01,1135350.1,Diesel,Importacion
203,2016-12-01,1305047.55,Diesel,Importacion
204,2017-01-01,1153831.89,Diesel,Importacion
205,2017-02-01,921684.12,Diesel,Importacion
206,2017-03-01,889227.1,Diesel,Importacion
207,2017-04-01,696962.77,Diesel,Importacion
208,2017-05-01,1592580.34,Diesel,Importacion
209,2017-06-01,777679.91,Diesel,Importacion
210,2017-07-01,793683.41,Diesel,Importacion
211,2017-08-01,1281364.78,Diesel,Importacion
212,2017-09-01,896266.43,Diesel,Importacion
213,2017-10-01,992682.04,Diesel,Importacion
214,2017-11-01,899588.34,Diesel,Importacion
215,2017-12-01,792198.66,Diesel,Importacion
216,2018-01-01,1195728.2,Diesel,Importacion
217,2018-02-01,1208476.16,Diesel,Importacion
218,2018-03-01,1550052.84,Diesel,Importacion
219,2018-04-01,1215209.05,Diesel,Importacion
220,2018-05-01,1011872.87,Diesel,Importacion
221,2018-06-01,1029100.9,Diesel,Importacion
222,2018-07-01,1056569.11,Diesel,Importacion
223,2018-08-01,1167556.89,Diesel,Importacion
224,2018-09-01,717490.02,Diesel,Importacion
225,2018-10-01,1160570.85,Diesel,Importacion
226,2018-11-01,1122990.69,Diesel,Importacion
227,2018-12-01,1098972.39,Diesel,Importacion
228,2019-01-01,999181.2,Diesel,Importacion
229,2019-02-01,1237018.37,Diesel,Importacion
230,2019-03-01,1367335.14,Diesel,Importacion
231,2019-04-01,834366.52,Diesel,Importacion
232,2019-05-01,691066.44,Diesel,Importacion
233,2019-06-01,1066148.05,Diesel,Importacion
234,2019-07-01,779930.57,Diesel,Importacion
235,2019-08-01,791258.19,Diesel,Importacion
236,2019-09-01,1021360.83,Diesel,Importacion
237,2019-10-01,891340.69,Diesel,Importacion
238,2019-11-01,1152909.51,Diesel,Importacion
239,2019-12-01,1050560.83,Diesel,Importacion
240,2020-01-01,1185644.96,Diesel,Importacion
241,2020-02-01,1076824.67,Diesel,Importacion
242,2020-03-01,1345110.18,Diesel,Importacion
243,2020-04-01,1250171.58,Diesel,Importacion
244,2020-05-01,1279017.24,Diesel,Importacion
245,2020-06-01,1440106.47,Diesel,Importacion
246,2020-07-01,1110409.53,Diesel,Importacion
247,2020-08-01,1175960.64,Diesel,Importacion
248,2020-09-01,896539.24,Diesel,Importacion
249,2020-10-01,1542473.57,Diesel,Importacion
250,2020-11-01,1029780.8,Diesel,Importacion
251,2020-12-01,1294042.31,Diesel,Importacion
252,2021-01-01,1438571.28,Diesel,Importacion
253,2021-02-01,1217495.30999999,Diesel,Importacion
254,2021-03-01,1246975.11999999,Diesel,Importacion
255,2021-04-01,1284453.73,Diesel,Importacion
256,2021-05-01,1306453.44,Diesel,Importacion
257,2021-06-01,1285471.93584976,Diesel,Importacion
258,2021-07-01,1508160.50617707,Diesel,Importacion
259,2021-08-01,1345051.59369101,Diesel,Importacion
260,2021-09-01,1210992.60711461,Diesel,Importacion
261,2021-10-01,1332324.28420517,Diesel,Importacion
262,2021-11-01,1388194.81443374,Diesel,Importacion
263,2021-12-01,1768186.14781374,Diesel,Importacion
264,2022-01-01,1692124.70524742,Diesel,Importacion
265,2022-02-01,1474497.08526784,Diesel,Importacion
266,2022-03-01,1775966.24393449,Diesel,Importacion
267,2022-04-01,1589033.40767851,Diesel,Importacion
268,2022-05-01,1668884.43237436,Diesel,Importacion
269,2022-06-01,1371092.60531692,Diesel,Importacion
270,2022-07-01,1538614.30679778,Diesel,Importacion
271,2022-08-01,1407672.51556354,Diesel,Importacion
272,2022-09-01,1262312.07797954,Diesel,Importacion
273,2022-10-01,1432887.48629772,Diesel,Importacion
274,2022-11-01,1451724.51219109,Diesel,Importacion
275,2022-12-01,1806222.16517825,Diesel,Importacion
276,2023-01-01,1765222.62812596,Diesel,Importacion
277,2023-02-01,1549553.02200275,Diesel,Importacion
278,2023-03-01,1843241.16079362,Diesel,Importacion
279,2023-04-01,1654573.81363291,Diesel,Importacion
280,2023-05-01,1723651.97276218,Diesel,Importacion
281,2023-06-01,1450027.98737706,Diesel,Importacion
282,2023-07-01,1593240.60331821,Diesel,Importacion
283,2023-08-01,1472205.04991797,Diesel,Importacion
284,2023-09-01,1316666.81931199,Diesel,Importacion
285,2023-10-01,1511416.25336157,Diesel,Importacion
286,2023-11-01,1516635.86510981,Diesel,Importacion
287,2023-12-01,1872200.87831101,Diesel,Importacion
288,2024-01-01,1842673.33866934,Diesel,Importacion
289,2024-02-01,1621599.2795831,Diesel,Importacion
290,2024-03-01,1920801.72943418,Diesel,Importacion
291,2024-04-01,1726094.34145587,Diesel,Importacion
292,2024-05-01,1793211.87180757,Diesel,Importacion
0,2000-01-01,202645.2,Regular,Consumo
1,2000-02-01,205530.96,Regular,Consumo
2,2000-03-01,229499.56,Regular,Consumo
3,2000-04-01,210680.4,Regular,Consumo
4,2000-05-01,208164.34,Regular,Consumo
5,2000-06-01,195088.74,Regular,Consumo
6,2000-07-01,204556.77,Regular,Consumo
7,2000-08-01,218388.51,Regular,Consumo
8,2000-09-01,213906.96,Regular,Consumo
9,2000-10-01,213606.65,Regular,Consumo
10,2000-11-01,209227.48,Regular,Consumo
11,2000-12-01,230020.7,Regular,Consumo
12,2001-01-01,164547.351666667,Regular,Consumo
13,2001-02-01,174838.811666667,Regular,Consumo
14,2001-03-01,201992.651666667,Regular,Consumo
15,2001-04-01,198683.391666667,Regular,Consumo
16,2001-05-01,182504.091666667,Regular,Consumo
17,2001-06-01,201379.481666667,Regular,Consumo
18,2001-07-01,214980.241666667,Regular,Consumo
19,2001-08-01,204646.771666667,Regular,Consumo
20,2001-09-01,188292.351666667,Regular,Consumo
21,2001-10-01,225240.951666667,Regular,Consumo
22,2001-11-01,210324.951666667,Regular,Consumo
23,2001-12-01,223209.951666667,Regular,Consumo
24,2002-01-01,200309.851666667,Regular,Consumo
25,2002-02-01,183119.341666667,Regular,Consumo
26,2002-03-01,212711.711666667,Regular,Consumo
27,2002-04-01,204765.621666667,Regular,Consumo
28,2002-05-01,201083.511666667,Regular,Consumo
29,2002-06-01,187629.421666667,Regular,Consumo
30,2002-07-01,201692.641666667,Regular,Consumo
31,2002-08-01,205240.771666667,Regular,Consumo
32,2002-09-01,177614.801666667,Regular,Consumo
33,2002-10-01,203097.241666667,Regular,Consumo
34,2002-11-01,207629.811666667,Regular,Consumo
35,2002-12-01,199619.271666667,Regular,Consumo
36,2003-01-01,193713.62,Regular,Consumo
37,2003-02-01,184354.61,Regular,Consumo
38,2003-03-01,201443.37,Regular,Consumo
39,2003-04-01,219004.3125,Regular,Consumo
40,2003-05-01,200407.18,Regular,Consumo
41,2003-06-01,168327.72,Regular,Consumo
42,2003-07-01,174317.57,Regular,Consumo
43,2003-08-01,171665.05,Regular,Consumo
44,2003-09-01,174757.95,Regular,Consumo
45,2003-10-01,209314.45,Regular,Consumo
46,2003-11-01,168510.0,Regular,Consumo
47,2003-12-01,196081.99,Regular,Consumo
48,2004-01-01,203975.57,Regular,Consumo
49,2004-02-01,180290.24,Regular,Consumo
50,2004-03-01,206455.62,Regular,Consumo
51,2004-04-01,182379.92,Regular,Consumo
52,2004-05-01,160741.9,Regular,Consumo
53,2004-06-01,164782.5,Regular,Consumo
54,2004-07-01,182642.41,Regular,Consumo
55,2004-08-01,207432.8,Regular,Consumo
56,2004-09-01,194240.55,Regular,Consumo
57,2004-10-01,200323.53,Regular,Consumo
58,2004-11-01,214509.65,Regular,Consumo
59,2004-12-01,236733.03,Regular,Consumo
60,2005-01-01,209901.6,Regular,Consumo
61,2005-02-01,198775.61,Regular,Consumo
62,2005-03-01,231358.58,Regular,Consumo
63,2005-04-01,225644.89,Regular,Consumo
64,2005-05-01,187048.26,Regular,Consumo
65,2005-06-01,202161.79,Regular,Consumo
66,2005-07-01,213821.77,Regular,Consumo
67,2005-08-01,212696.38,Regular,Consumo
68,2005-09-01,196776.87,Regular,Consumo
69,2005-10-01,192270.24,Regular,Consumo
70,2005-11-01,185251.12,Regular,Consumo
71,2005-12-01,241035.13,Regular,Consumo
72,2006-01-01,211152.72,Regular,Consumo
73,2006-02-01,200551.4,Regular,Consumo
74,2006-03-01,233082.86,Regular,Consumo
75,2006-04-01,223479.45,Regular,Consumo
76,2006-05-01,222710.9,Regular,Consumo
77,2006-06-01,196511.22,Regular,Consumo
78,2006-07-01,210255.7,Regular,Consumo
79,2006-08-01,211202.14,Regular,Consumo
80,2006-09-01,204369.99,Regular,Consumo
81,2006-10-01,203061.39,Regular,Consumo
82,2006-11-01,205541.91,Regular,Consumo
83,2006-12-01,233936.83,Regular,Consumo
84,2007-01-01,216560.79,Regular,Consumo
85,2007-02-01,204991.91,Regular,Consumo
86,2007-03-01,239019.91,Regular,Consumo
87,2007-04-01,217536.23,Regular,Consumo
88,2007-05-01,224400.73,Regular,Consumo
89,2007-06-01,217473.91,Regular,Consumo
90,2007-07-01,219874.23,Regular,Consumo
91,2007-08-01,236565.57,Regular,Consumo
92,2007-09-01,207241.84,Regular,Consumo
93,2007-10-01,224750.77,Regular,Consumo
94,2007-11-01,218116.79,Regular,Consumo
95,2007-12-01,252394.114285714,Regular,Consumo
96,2008-01-01,213645.39,Regular,Consumo
97,2008-02-01,215873.67,Regular,Consumo
98,2008-03-01,233761.07,Regular,Consumo
99,2008-04-01,233687.28,Regular,Consumo
100,2008-05-01,236635.85,Regular,Consumo
101,2008-06-01,200656.57,Regular,Consumo
102,2008-07-01,228640.21,Regular,Consumo
103,2008-08-01,227499.0,Regular,Consumo
104,2008-09-01,218214.64,Regular,Consumo
105,2008-10-01,238955.44,Regular,Consumo
106,2008-11-01,238626.16,Regular,Consumo
107,2008-12-01,298245.47,Regular,Consumo
108,2009-01-01,273494.16,Regular,Consumo
109,2009-02-01,254667.7,Regular,Consumo
110,2009-03-01,290343.28,Regular,Consumo
111,2009-04-01,290887.08,Regular,Consumo
112,2009-05-01,276970.67,Regular,Consumo
113,2009-06-01,252551.99,Regular,Consumo
114,2009-07-01,283142.05,Regular,Consumo
115,2009-08-01,267830.84,Regular,Consumo
116,2009-09-01,248994.42,Regular,Consumo
117,2009-10-01,269008.52,Regular,Consumo
118,2009-11-01,212149.905,Regular,Consumo
119,2009-12-01,296805.29,Regular,Consumo
120,2010-01-01,243341.49,Regular,Consumo
121,2010-02-01,248207.93,Regular,Consumo
122,2010-03-01,320985.41,Regular,Consumo
123,2010-04-01,254872.61,Regular,Consumo
124,2010-05-01,238903.31,Regular,Consumo
125,2010-06-01,251896.39,Regular,Consumo
126,2010-07-01,278700.49,Regular,Consumo
127,2010-08-01,268917.79,Regular,Consumo
128,2010-09-01,266975.25,Regular,Consumo
129,2010-10-01,275031.21,Regular,Consumo
130,2010-11-01,273452.94,Regular,Consumo
131,2010-12-01,320807.17,Regular,Consumo
132,2011-01-01,285089.04,Regular,Consumo
133,2011-02-01,269301.38,Regular,Consumo
134,2011-03-01,281453.75,Regular,Consumo
135,2011-04-01,285598.37,Regular,Consumo
136,2011-05-01,253277.88,Regular,Consumo
137,2011-06-01,290137.49,Regular,Consumo
138,2011-07-01,279283.36,Regular,Consumo
139,2011-08-01,256380.27,Regular,Consumo
140,2011-09-01,256728.25,Regular,Consumo
141,2011-10-01,242071.01,Regular,Consumo
142,2011-11-01,231413.83,Regular,Consumo
143,2011-12-01,291678.03,Regular,Consumo
144,2012-01-01,261933.68,Regular,Consumo
145,2012-02-01,253733.22,Regular,Consumo
146,2012-03-01,290286.65,Regular,Consumo
147,2012-04-01,262615.28,Regular,Consumo
148,2012-05-01,235374.04,Regular,Consumo
149,2012-06-01,261012.58,Regular,Consumo
150,2012-07-01,233061.35,Regular,Consumo
151,2012-08-01,259165.94,Regular,Consumo
152,2012-09-01,228205.77,Regular,Consumo
153,2012-10-01,261347.22,Regular,Consumo
154,2012-11-01,272657.82,Regular,Consumo
155,2012-12-01,310407.04,Regular,Consumo
156,2013-01-01,287985.59,Regular,Consumo
157,2013-02-01,259659.66,Regular,Consumo
158,2013-03-01,313075.45,Regular,Consumo
159,2013-04-01,330070.65,Regular,Consumo
160,2013-05-01,313131.36,Regular,Consumo
161,2013-06-01,287596.64,Regular,Consumo
162,2013-07-01,314185.61,Regular,Consumo
163,2013-08-01,288400.67,Regular,Consumo
164,2013-09-01,249357.42,Regular,Consumo
165,2013-10-01,314518.72,Regular,Consumo
166,2013-11-01,306638.45,Regular,Consumo
167,2013-12-01,339969.85,Regular,Consumo
168,2014-01-01,312139.77,Regular,Consumo
169,2014-02-01,312142.65,Regular,Consumo
170,2014-03-01,335869.63,Regular,Consumo
171,2014-04-01,349155.3,Regular,Consumo
172,2014-05-01,332737.37,Regular,Consumo
173,2014-06-01,303016.82,Regular,Consumo
174,2014-07-01,344659.64,Regular,Consumo
175,2014-08-01,326356.06,Regular,Consumo
176,2014-09-01,371327.13,Regular,Consumo
177,2014-10-01,343812.67,Regular,Consumo
178,2014-11-01,343918.56,Regular,Consumo
179,2014-12-01,464223.15,Regular,Consumo
180,2015-01-01,419102.72,Regular,Consumo
181,2015-02-01,398167.69,Regular,Consumo
182,2015-03-01,457246.14,Regular,Consumo
183,2015-04-01,413451.11,Regular,Consumo
184,2015-05-01,415570.95,Regular,Consumo
185,2015-06-01,414466.18,Regular,Consumo
186,2015-07-01,440729.53,Regular,Consumo
187,2015-08-01,439588.9,Regular,Consumo
188,2015-09-01,422826.58547619,Regular,Consumo
189,2015-10-01,448971.88,Regular,Consumo
190,2015-11-01,423841.82,Regular,Consumo
191,2015-12-01,499839.17,Regular,Consumo
192,2016-01-01,433180.34,Regular,Consumo
193,2016-02-01,450916.35,Regular,Consumo
194,2016-03-01,486255.94,Regular,Consumo
195,2016-04-01,467472.2,Regular,Consumo
196,2016-05-01,468710.38,Regular,Consumo
197,2016-06-01,450758.18,Regular,Consumo
198,2016-07-01,465270.48,Regular,Consumo
199,2016-08-01,485995.83,Regular,Consumo
200,2016-09-01,456946.75,Regular,Consumo
201,2016-10-01,476277.64,Regular,Consumo
202,2016-11-01,463726.21,Regular,Consumo
203,2016-12-01,524242.31,Regular,Consumo
204,2017-01-01,477291.93,Regular,Consumo
205,2017-02-01,453665.32,Regular,Consumo
206,2017-03-01,523943.6,Regular,Consumo
207,2017-04-01,500063.03,Regular,Consumo
208,2017-05-01,516884.37,Regular,Consumo
209,2017-06-01,478491.95,Regular,Consumo
210,2017-07-01,521730.41,Regular,Consumo
211,2017-08-01,514086.57,Regular,Consumo
212,2017-09-01,492618.55,Regular,Consumo
213,2017-10-01,512762.32,Regular,Consumo
214,2017-11-01,510631.29,Regular,Consumo
215,2017-12-01,574097.7,Regular,Consumo
216,2018-01-01,528763.3,Regular,Consumo
217,2018-02-01,502041.67,Regular,Consumo
218,2018-03-01,571052.13,Regular,Consumo
219,2018-04-01,526979.67,Regular,Consumo
220,2018-05-01,544395.17,Regular,Consumo
221,2018-06-01,518911.44,Regular,Consumo
222,2018-07-01,541811.12,Regular,Consumo
223,2018-08-01,570224.107,Regular,Consumo
224,2018-09-01,531285.291,Regular,Consumo
225,2018-10-01,573751.472,Regular,Consumo
226,2018-11-01,563417.572,Regular,Consumo
227,2018-12-01,632670.174,Regular,Consumo
228,2019-01-01,596682.75,Regular,Consumo
229,2019-02-01,559109.22,Regular,Consumo
230,2019-03-01,645266.77,Regular,Consumo
231,2019-04-01,657570.18,Regular,Consumo
232,2019-05-01,666748.63,Regular,Consumo
233,2019-06-01,641136.56,Regular,Consumo
234,2019-07-01,650150.78,Regular,Consumo
235,2019-08-01,668783.39,Regular,Consumo
236,2019-09-01,616079.3,Regular,Consumo
237,2019-10-01,669008.77,Regular,Consumo
238,2019-11-01,643070.35,Regular,Consumo
239,2019-12-01,706020.77,Regular,Consumo
240,2020-01-01,640011.73,Regular,Consumo
241,2020-02-01,652028.0,Regular,Consumo
242,2020-03-01,573586.73,Regular,Consumo
243,2020-04-01,458420.85,Regular,Consumo
244,2020-05-01,478771.83,Regular,Consumo
245,2020-06-01,516933.6,Regular,Consumo
246,2020-07-01,567052.5,Regular,Consumo
247,2020-08-01,647375.58,Regular,Consumo
248,2020-09-01,661665.58,Regular,Consumo
249,2020-10-01,680362.07,Regular,Consumo
250,2020-11-01,652630.16,Regular,Consumo
251,2020-12-01,768193.03,Regular,Consumo
252,2021-01-01,685942.97,Regular,Consumo
253,2021-02-01,669312.88,Regular,Consumo
254,2021-03-01,773453.52,Regular,Consumo
255,2021-04-01,688389.03,Regular,Consumo
256,2021-05-01,707336.38,Regular,Consumo
257,2021-06-01,692598.71,Regular,Consumo
258,2021-07-01,740193.13,Regular,Consumo
259,2021-08-01,668221.54,Regular,Consumo
260,2021-09-01,670418.8,Regular,Consumo
261,2021-10-01,718676.32,Regular,Consumo
262,2021-11-01,708246.27,Regular,Consumo
263,2021-12-01,821882.15,Regular,Consumo
264,2022-01-01,684004.37,Regular,Consumo
265,2022-02-01,660943.67,Regular,Consumo
266,2022-03-01,703127.897,Regular,Consumo
267,2022-04-01,807440.101,Regular,Consumo
268,2022-05-01,796812.389999999,Regular,Consumo
269,2022-06-01,915704.125523404,Regular,Consumo
270,2022-07-01,946286.016212473,Regular,Consumo
271,2022-08-01,952496.140778428,Regular,Consumo
272,2022-09-01,959036.719401375,Regular,Consumo
273,2022-10-01,987739.088655034,Regular,Consumo
274,2022-11-01,970605.306848463,Regular,Consumo
275,2022-12-01,1068377.41629908,Regular,Consumo
276,2023-01-01,975499.208579006,Regular,Consumo
277,2023-02-01,958052.128749577,Regular,Consumo
278,2023-03-01,1021319.55032852,Regular,Consumo
279,2023-04-01,1026812.41559246,Regular,Consumo
280,2023-05-01,1031432.95808653,Regular,Consumo
281,2023-06-01,1010045.17882627,Regular,Consumo
282,2023-07-01,1041419.37496311,Regular,Consumo
283,2023-08-01,1010586.70268897,Regular,Consumo
284,2023-09-01,1013691.64024917,Regular,Consumo
285,2023-10-01,1045127.94814411,Regular,Consumo
286,2023-11-01,1034944.16303254,Regular,Consumo
287,2023-12-01,1115746.2116579,Regular,Consumo
288,2024-01-01,1025264.53313802,Regular,Consumo
289,2024-02-01,1008878.24465465,Regular,Consumo
290,2024-03-01,1048400.02513138,Regular,Consumo
291,2024-04-01,1096522.8518922,Regular,Consumo
292,2024-05-01,1093449.64802052,Regular,Consumo
293,2024-06-01,1070601.33008986,Regular,Consumo
294,2024-07-01,1091421.01070415,Regular,Consumo
295,2024-08-01,1083869.63423468,Regular,Consumo
296,2024-09-01,1087155.17876118,Regular,Consumo
297,2024-10-01,1107131.1577656,Regular,Consumo
298,2024-11-01,1097957.78631497,Regular,Consumo
299,2024-12-01,1156604.57290973,Regular,Consumo
300,2025-01-01,1096586.36273454,Regular,Consumo
301,2025-02-01,1085269.19781201,Regular,Consumo
302,2025-03-01,1119656.58016768,Regular,Consumo
303,2025-04-01,1136620.9420944,Regular,Consumo
304,2025-05-01,1137244.81245201,Regular,Consumo
0,2000-01-01,177776.5,Regular,Importacion
1,2000-02-01,123115.99,Regular,Importacion
2,2000-03-01,161726.42,Regular,Importacion
3,2000-04-01,127338.74,Regular,Importacion
4,2000-05-01,168730.19,Regular,Importacion
5,2000-06-01,152899.09,Regular,Importacion
6,2000-07-01,136299.13,Regular,Importacion
7,2000-08-01,139365.07,Regular,Importacion
8,2000-09-01,233643.75,Regular,Importacion
9,2000-10-01,141550.22,Regular,Importacion
10,2000-11-01,165841.46,Regular,Importacion
11,2000-12-01,149217.67,Regular,Importacion
12,2001-01-01,178585.93,Regular,Importacion
13,2001-02-01,144447.25,Regular,Importacion
14,2001-03-01,104673.64,Regular,Importacion
15,2001-04-01,190339.0,Regular,Importacion
16,2001-05-01,194830.1,Regular,Importacion
17,2001-06-01,137050.8,Regular,Importacion
18,2001-07-01,222408.0,Regular,Importacion
19,2001-08-01,143795.0,Regular,Importacion
20,2001-09-01,156956.9,Regular,Importacion
21,2001-10-01,195426.8,Regular,Importacion
22,2001-11-01,153185.7,Regular,Importacion
23,2001-12-01,167596.71,Regular,Importacion
24,2002-01-01,228269.5,Regular,Importacion
25,2002-02-01,214490.7,Regular,Importacion
26,2002-03-01,161257.48,Regular,Importacion
27,2002-04-01,189824.893,Regular,Importacion
28,2002-05-01,269981.86,Regular,Importacion
29,2002-06-01,182254.23,Regular,Importacion
30,2002-07-01,133668.2,Regular,Importacion
31,2002-08-01,169903.86,Regular,Importacion
32,2002-09-01,177217.53,Regular,Importacion
33,2002-10-01,181668.026,Regular,Importacion
34,2002-11-01,205624.08,Regular,Importacion
35,2002-12-01,161477.73,Regular,Importacion
36,2003-01-01,173427.23,Regular,Importacion
37,2003-02-01,147939.23,Regular,Importacion
38,2003-03-01,275539.38,Regular,Importacion
39,2003-04-01,245156.34,Regular,Importacion
40,2003-05-01,178387.8,Regular,Importacion
41,2003-06-01,133341.0,Regular,Importacion
42,2003-07-01,152075.75,Regular,Importacion
43,2003-08-01,208592.85,Regular,Importacion
44,2003-09-01,218499.24,Regular,Importacion
45,2003-10-01,201907.67,Regular,Importacion
46,2003-11-01,215838.32,Regular,Importacion
47,2003-12-01,227094.71,Regular,Importacion
48,2004-01-01,202374.33,Regular,Importacion
49,2004-02-01,178104.72,Regular,Importacion
50,2004-03-01,217667.69,Regular,Importacion
51,2004-04-01,234492.03,Regular,Importacion
52,2004-05-01,192734.4,Regular,Importacion
53,2004-06-01,243343.68,Regular,Importacion
54,2004-07-01,175946.3,Regular,Importacion
55,2004-08-01,173810.38,Regular,Importacion
56,2004-09-01,81015.3,Regular,Importacion
57,2004-10-01,145325.65,Regular,Importacion
58,2004-11-01,266018.37,Regular,Importacion
59,2004-12-01,107374.0,Regular,Importacion
60,2005-01-01,348503.85,Regular,Importacion
61,2005-02-01,145048.2,Regular,Importacion
62,2005-03-01,285783.25,Regular,Importacion
63,2005-04-01,238824.61,Regular,Importacion
64,2005-05-01,134212.3,Regular,Importacion
65,2005-06-01,211562.74,Regular,Importacion
66,2005-07-01,180942.18,Regular,Importacion
67,2005-08-01,147245.49,Regular,Importacion
68,2005-09-01,366193.77,Regular,Importacion
69,2005-10-01,153997.35,Regular,Importacion
70,2005-11-01,171327.01,Regular,Importacion
71,2005-12-01,234319.3,Regular,Importacion
72,2006-01-01,289550.59,Regular,Importacion
73,2006-02-01,299077.04,Regular,Importacion
74,2006-03-01,326317.75,Regular,Importacion
75,2006-04-01,94844.9,Regular,Importacion
76,2006-05-01,238404.83,Regular,Importacion
77,2006-06-01,170064.98,Regular,Importacion
78,2006-07-01,227660.47,Regular,Importacion
79,2006-08-01,351306.27,Regular,Importacion
80,2006-09-01,181015.83,Regular,Importacion
81,2006-10-01,312120.18,Regular,Importacion
82,2006-11-01,289282.55,Regular,Importacion
83,2006-12-01,222108.35,Regular,Importacion
84,2007-01-01,107885.65,Regular,Importacion
85,2007-02-01,234830.1,Regular,Importacion
86,2007-03-01,241800.33,Regular,Importacion
87,2007-04-01,271554.27,Regular,Importacion
88,2007-05-01,242628.16,Regular,Importacion
89,2007-06-01,177838.7,Regular,Importacion
90,2007-07-01,232129.2,Regular,Importacion
91,2007-08-01,138376.72,Regular,Importacion
92,2007-09-01,290621.26,Regular,Importacion
93,2007-10-01,358036.44,Regular,Importacion
94,2007-11-01,170365.32,Regular,Importacion
95,2007-12-01,238398.92,Regular,Importacion
96,2008-01-01,202484.534761905,Regular,Importacion
97,2008-02-01,588346.36,Regular,Importacion
98,2008-03-01,298459.25,Regular,Importacion
99,2008-04-01,182218.96,Regular,Importacion
100,2008-05-01,377337.48,Regular,Importacion
101,2008-06-01,363676.29,Regular,Importacion
102,2008-07-01,363911.51,Regular,Importacion
103,2008-08-01,210495.68,Regular,Importacion
104,2008-09-01,161783.68,Regular,Importacion
105,2008-10-01,375067.23,Regular,Importacion
106,2008-11-01,201213.1,Regular,Importacion
107,2008-12-01,291525.48,Regular,Importacion
108,2009-01-01,173918.35,Regular,Importacion
109,2009-02-01,336005.72,Regular,Importacion
110,2009-03-01,157798.77,Regular,Importacion
111,2009-04-01,433108.23,Regular,Importacion
112,2009-05-01,279926.95,Regular,Importacion
113,2009-06-01,281834.46,Regular,Importacion
114,2009-07-01,241994.24,Regular,Importacion
115,2009-08-01,282509.24,Regular,Importacion
116,2009-09-01,208796.02,Regular,Importacion
117,2009-10-01,392100.62,Regular,Importacion
118,2009-11-01,139547.73,Regular,Importacion
119,2009-12-01,430857.95,Regular,Importacion
120,2010-01-01,253700.82,Regular,Importacion
121,2010-02-01,343582.85,Regular,Importacion
122,2010-03-01,291087.16,Regular,Importacion
123,2010-04-01,326003.71,Regular,Importacion
124,2010-05-01,326566.61,Regular,Importacion
125,2010-06-01,230990.13,Regular,Importacion
126,2010-07-01,188581.4,Regular,Importacion
127,2010-08-01,201844.49,Regular,Importacion
128,2010-09-01,260669.22,Regular,Importacion
129,2010-10-01,239711.91,Regular,Importacion
130,2010-11-01,237803.48,Regular,Importacion
131,2010-12-01,367820.54,Regular,Importacion
132,2011-01-01,318283.44,Regular,Importacion
133,2011-02-01,253583.96,Regular,Importacion
134,2011-03-01,255492.16,Regular,Importacion
135,2011-04-01,189948.79,Regular,Importacion
136,2011-05-01,241786.29,Regular,Importacion
137,2011-06-01,320566.69,Regular,Importacion
138,2011-07-01,142232.47,Regular,Importacion
139,2011-08-01,263677.23,Regular,Importacion
140,2011-09-01,201347.56,Regular,Importacion
141,2011-10-01,374301.51,Regular,Importacion
142,2011-11-01,197398.8,Regular,Importacion
143,2011-12-01,287980.58,Regular,Importacion
144,2012-01-01,396416.84,Regular,Importacion
145,2012-02-01,235502.58,Regular,Importacion
146,2012-03-01,439386.62,Regular,Importacion
147,2012-04-01,274680.65,Regular,Importacion
148,2012-05-01,281823.2,Regular,Importacion
149,2012-06-01,293808.6,Regular,Importacion
150,2012-07-01,259025.83,Regular,Importacion
151,2012-08-01,221433.2,Regular,Importacion
152,2012-09-01,300794.99,Regular,Importacion
153,2012-10-01,281168.85,Regular,Importacion
154,2012-11-01,390941.15,Regular,Importacion
155,2012-12-01,210096.78,Regular,Importacion
156,2013-01-01,487880.79,Regular,Importacion
157,2013-02-01,312423.86,Regular,Importacion
158,2013-03-01,472437.63,Regular,Importacion
159,2013-04-01,207049.0,Regular,Importacion
160,2013-05-01,417767.24,Regular,Importacion
161,2013-06-01,247114.99,Regular,Importacion
162,2013-07-01,454196.13,Regular,Importacion
163,2013-08-01,305285.53,Regular,Importacion
164,2013-09-01,378741.56,Regular,Importacion
165,2013-10-01,256340.49,Regular,Importacion
166,2013-11-01,372809.93,Regular,Importacion
167,2013-12-01,491072.11,Regular,Importacion
168,2014-01-01,371420.59,Regular,Importacion
169,2014-02-01,548714.53,Regular,Importacion
170,2014-03-01,453536.19,Regular,Importacion
171,2014-04-01,537064.59,Regular,Importacion
172,2014-05-01,534049.28,Regular,Importacion
173,2014-06-01,394824.33,Regular,Importacion
174,2014-07-01,519374.15,Regular,Importacion
175,2014-08-01,328552.07,Regular,Importacion
176,2014-09-01,485906.49,Regular,Importacion
177,2014-10-01,432666.75,Regular,Importacion
178,2014-11-01,574547.76,Regular,Importacion
179,2014-12-01,319329.71,Regular,Importacion
180,2015-01-01,546876.54,Regular,Importacion
181,2015-02-01,424074.81,Regular,Importacion
182,2015-03-01,508542.18,Regular,Importacion
183,2015-04-01,527083.64,Regular,Importacion
184,2015-05-01,528347.81,Regular,Importacion
185,2015-06-01,397477.4,Regular,Importacion
186,2015-07-01,526652.73,Regular,Importacion
187,2015-08-01,512202.57,Regular,Importacion
188,2015-09-01,567786.57,Regular,Importacion
189,2015-10-01,455850.76,Regular,Importacion
190,2015-11-01,476784.16,Regular,Importacion
191,2015-12-01,473659.59,Regular,Importacion
192,2016-01-01,527564.9,Regular,Importacion
193,2016-02-01,469140.06,Regular,Importacion
194,2016-03-01,608144.98,Regular,Importacion
195,2016-04-01,681303.11,Regular,Importacion
196,2016-05-01,386088.18,Regular,Importacion
197,2016-06-01,519389.66,Regular,Importacion
198,2016-07-01,433026.08,Regular,Importacion
199,2016-08-01,592103.31,Regular,Importacion
200,2016-09-01,316435.22,Regular,Importacion
201,2016-10-01,574073.61,Regular,Importacion
202,2016-11-01,434963.36,Regular,Importacion
203,2016-12-01,679441.47,Regular,Importacion
204,2017-01-01,571858.06,Regular,Importacion
205,2017-02-01,509366.1,Regular,Importacion
206,2017-03-01,563899.06,Regular,Importacion
207,2017-04-01,510830.0,Regular,Importacion
208,2017-05-01,580825.11,Regular,Importacion
209,2017-06-01,463620.61,Regular,Importacion
210,2017-07-01,543333.77,Regular,Importacion
211,2017-08-01,663834.04,Regular,Importacion
212,2017-09-01,454442.87,Regular,Importacion
213,2017-10-01,726044.35,Regular,Importacion
214,2017-11-01,534084.49,Regular,Importacion
215,2017-12-01,535639.97,Regular,Importacion
216,2018-01-01,702923.37,Regular,Importacion
217,2018-02-01,469437.28,Regular,Importacion
218,2018-03-01,678145.38,Regular,Importacion
219,2018-04-01,867761.34,Regular,Importacion
220,2018-05-01,596798.22,Regular,Importacion
221,2018-06-01,712731.8,Regular,Importacion
222,2018-07-01,531577.64,Regular,Importacion
223,2018-08-01,896841.31,Regular,Importacion
224,2018-09-01,518043.68,Regular,Importacion
225,2018-10-01,712672.38,Regular,Importacion
226,2018-11-01,791039.02,Regular,Importacion
227,2018-12-01,731012.24,Regular,Importacion
228,2019-01-01,629414.9,Regular,Importacion
229,2019-02-01,741509.07,Regular,Importacion
230,2019-03-01,735491.29,Regular,Importacion
231,2019-04-01,329134.18,Regular,Importacion
232,2019-05-01,415805.82,Regular,Importacion
233,2019-06-01,683322.72,Regular,Importacion
234,2019-07-01,451717.75,Regular,Importacion
235,2019-08-01,547899.55,Regular,Importacion
236,2019-09-01,591799.83,Regular,Importacion
237,2019-10-01,861840.54,Regular,Importacion
238,2019-11-01,696600.14,Regular,Importacion
239,2019-12-01,780347.28,Regular,Importacion
240,2020-01-01,626537.48,Regular,Importacion
241,2020-02-01,715261.34,Regular,Importacion
242,2020-03-01,772750.01,Regular,Importacion
243,2020-04-01,634408.89,Regular,Importacion
244,2020-05-01,669085.78,Regular,Importacion
245,2020-06-01,833544.64,Regular,Importacion
246,2020-07-01,833732.31,Regular,Importacion
247,2020-08-01,664522.74,Regular,Importacion
248,2020-09-01,844430.03,Regular,Importacion
249,2020-10-01,522701.11,Regular,Importacion
250,2020-11-01,692267.31,Regular,Importacion
251,2020-12-01,785313.56,Regular,Importacion
252,2021-01-01,848902.97,Regular,Importacion
253,2021-02-01,723925.74,Regular,Importacion
254,2021-03-01,772406.099999999,Regular,Importacion
255,2021-04-01,906104.05,Regular,Importacion
256,2021-05-01,762776.12,Regular,Importacion
257,2021-06-01,898021.316932997,Regular,Importacion
258,2021-07-01,840065.176596383,Regular,Importacion
259,2021-08-01,870636.132387602,Regular,Importacion
260,2021-09-01,871841.353173464,Regular,Importacion
261,2021-10-01,1041661.23958836,Regular,Importacion
262,2021-11-01,914103.046632019,Regular,Importacion
263,2021-12-01,978573.111636448,Regular,Importacion
264,2022-01-01,1030853.24589618,Regular,Importacion
265,2022-02-01,1014737.89268533,Regular,Importacion
266,2022-03-01,1102872.91382843,Regular,Importacion
267,2022-04-01,1016057.40412147,Regular,Importacion
268,2022-05-01,1044279.06204403,Regular,Importacion
269,2022-06-01,989846.535871204,Regular,Importacion
270,2022-07-01,964265.352760076,Regular,Importacion
271,2022-08-01,959702.925683806,Regular,Importacion
272,2022-09-01,961211.604062967,Regular,Importacion
273,2022-10-01,1054724.13452352,Regular,Importacion
274,2022-11-01,1007139.35456499,Regular,Importacion
275,2022-12-01,1061663.78465522,Regular,Importacion
276,2023-01-01,1133746.47940971,Regular,Importacion
277,2023-02-01,1100436.1475046,Regular,Importacion
278,2023-03-01,1174192.84661859,Regular,Importacion
279,2023-04-01,1051719.98623602,Regular,Importacion
280,2023-05-01,1108293.45920241,Regular,Importacion
281,2023-06-01,1037264.62245178,Regular,Importacion
282,2023-07-01,1005671.50753454,Regular,Importacion
283,2023-08-01,1018030.1470213,Regular,Importacion
284,2023-09-01,1027930.04446507,Regular,Importacion
285,2023-10-01,1200839.00266143,Regular,Importacion
286,2023-11-01,1075408.87901534,Regular,Importacion
287,2023-12-01,1145937.44134022,Regular,Importacion
288,2024-01-01,1211554.62402437,Regular,Importacion
289,2024-02-01,1188587.01824501,Regular,Importacion
290,2024-03-01,1287112.02946464,Regular,Importacion
291,2024-04-01,1178624.02262079,Regular,Importacion
292,2024-05-01,1217846.92361451,Regular,Importacion
0,2000-01-01,308156.82,Super,Consumo
1,2000-02-01,307766.31,Super,Consumo
2,2000-03-01,331910.29,Super,Consumo
3,2000-04-01,315648.08,Super,Consumo
4,2000-05-01,319667.97,Super,Consumo
5,2000-06-01,300347.7,Super,Consumo
6,2000-07-01,308305.93,Super,Consumo
7,2000-08-01,323011.86,Super,Consumo
8,2000-09-01,326455.72,Super,Consumo
9,2000-10-01,323843.63,Super,Consumo
10,2000-11-01,320788.08,Super,Consumo
11,2000-12-01,366987.56,Super,Consumo
12,2001-01-01,300242.781666667,Super,Consumo
13,2001-02-01,301483.401666666,Super,Consumo
14,2001-03-01,355572.831666666,Super,Consumo
15,2001-04-01,355826.761666666,Super,Consumo
16,2001-05-01,336040.041666666,Super,Consumo
17,2001-06-01,308804.701666666,Super,Consumo
18,2001-07-01,350501.971666667,Super,Consumo
19,2001-08-01,348414.651666666,Super,Consumo
20,2001-09-01,324393.961666666,Super,Consumo
21,2001-10-01,366261.631666666,Super,Consumo
22,2001-11-01,351890.631666666,Super,Consumo
23,2001-12-01,403561.631666666,Super,Consumo
24,2002-01-01,368935.525833333,Super,Consumo
25,2002-02-01,348917.785833333,Super,Consumo
26,2002-03-01,385044.965833333,Super,Consumo
27,2002-04-01,379741.975833333,Super,Consumo
28,2002-05-01,375054.635833333,Super,Consumo
29,2002-06-01,371138.585833333,Super,Consumo
30,2002-07-01,399944.645833333,Super,Consumo
31,2002-08-01,392355.615833333,Super,Consumo
32,2002-09-01,347191.435833333,Super,Consumo
33,2002-10-01,381595.195833333,Super,Consumo
34,2002-11-01,384334.215833333,Super,Consumo
35,2002-12-01,400645.415833333,Super,Consumo
36,2003-01-01,376516.58,Super,Consumo
37,2003-02-01,355760.81,Super,Consumo
38,2003-03-01,361880.87,Super,Consumo
39,2003-04-01,377395.17,Super,Consumo
40,2003-05-01,390624.27,Super,Consumo
41,2003-06-01,346941.84,Super,Consumo
42,2003-07-01,377178.84,Super,Consumo
43,2003-08-01,355682.72,Super,Consumo
44,2003-09-01,348659.02,Super,Consumo
45,2003-10-01,392041.78,Super,Consumo
46,2003-11-01,330640.23,Super,Consumo
47,2003-12-01,391327.66,Super,Consumo
48,2004-01-01,381547.72,Super,Consumo
49,2004-02-01,339576.46,Super,Consumo
50,2004-03-01,379687.46,Super,Consumo
51,2004-04-01,357595.81,Super,Consumo
52,2004-05-01,322596.73,Super,Consumo
53,2004-06-01,318811.5,Super,Consumo
54,2004-07-01,346413.66,Super,Consumo
55,2004-08-01,390304.28,Super,Consumo
56,2004-09-01,364689.84,Super,Consumo
57,2004-10-01,380441.55,Super,Consumo
58,2004-11-01,378498.6,Super,Consumo
59,2004-12-01,429109.1,Super,Consumo
60,2005-01-01,321382.14,Super,Consumo
61,2005-02-01,375768.83,Super,Consumo
62,2005-03-01,410241.928,Super,Consumo
63,2005-04-01,389737.16,Super,Consumo
64,2005-05-01,343762.52,Super,Consumo
65,2005-06-01,351906.82,Super,Consumo
66,2005-07-01,389172.65,Super,Consumo
67,2005-08-01,396871.12,Super,Consumo
68,2005-09-01,378887.62,Super,Consumo
69,2005-10-01,328052.56,Super,Consumo
70,2005-11-01,360869.14,Super,Consumo
71,2005-12-01,448688.52,Super,Consumo
72,2006-01-01,382078.88,Super,Consumo
73,2006-02-01,367944.25,Super,Consumo
74,2006-03-01,427567.58,Super,Consumo
75,2006-04-01,392050.29,Super,Consumo
76,2006-05-01,379832.55,Super,Consumo
77,2006-06-01,364359.35,Super,Consumo
78,2006-07-01,392252.91,Super,Consumo
79,2006-08-01,394585.28,Super,Consumo
80,2006-09-01,382724.97,Super,Consumo
81,2006-10-01,400793.81,Super,Consumo
82,2006-11-01,401922.57,Super,Consumo
83,2006-12-01,454373.13,Super,Consumo
84,2007-01-01,418412.86,Super,Consumo
85,2007-02-01,401425.14,Super,Consumo
86,2007-03-01,454731.09,Super,Consumo
87,2007-04-01,403732.56,Super,Consumo
88,2007-05-01,426414.71,Super,Consumo
89,2007-06-01,390991.36,Super,Consumo
90,2007-07-01,416497.41,Super,Consumo
91,2007-08-01,411088.53,Super,Consumo
92,2007-09-01,390568.99,Super,Consumo
93,2007-10-01,419001.81,Super,Consumo
94,2007-11-01,417490.77,Super,Consumo
95,2007-12-01,438542.793333333,Super,Consumo
96,2008-01-01,403266.74,Super,Consumo
97,2008-02-01,407735.55,Super,Consumo
98,2008-03-01,424157.28,Super,Consumo
99,2008-04-01,399193.53,Super,Consumo
100,2008-05-01,390882.63,Super,Consumo
101,2008-06-01,337464.32,Super,Consumo
102,2008-07-01,374847.05,Super,Consumo
103,2008-08-01,378363.76,Super,Consumo
104,2008-09-01,367962.73,Super,Consumo
105,2008-10-01,386430.4,Super,Consumo
106,2008-11-01,375438.69,Super,Consumo
107,2008-12-01,463343.73,Super,Consumo
108,2009-01-01,424264.5,Super,Consumo
109,2009-02-01,424438.71,Super,Consumo
110,2009-03-01,434248.69,Super,Consumo
111,2009-04-01,454265.4,Super,Consumo
112,2009-05-01,432401.49,Super,Consumo
113,2009-06-01,393140.38,Super,Consumo
114,2009-07-01,435256.09,Super,Consumo
115,2009-08-01,409182.96,Super,Consumo
116,2009-09-01,420238.71,Super,Consumo
117,2009-10-01,421753.29,Super,Consumo
118,2009-11-01,391754.81,Super,Consumo
119,2009-12-01,449842.29,Super,Consumo
120,2010-01-01,389068.41,Super,Consumo
121,2010-02-01,391195.69,Super,Consumo
122,2010-03-01,465664.59,Super,Consumo
123,2010-04-01,387063.18,Super,Consumo
124,2010-05-01,381811.18,Super,Consumo
125,2010-06-01,385981.1,Super,Consumo
126,2010-07-01,422481.8,Super,Consumo
127,2010-08-01,410176.39,Super,Consumo
128,2010-09-01,396429.75,Super,Consumo
129,2010-10-01,418305.07,Super,Consumo
130,2010-11-01,409652.73,Super,Consumo
131,2010-12-01,466766.78,Super,Consumo
132,2011-01-01,411737.33,Super,Consumo
133,2011-02-01,391131.1,Super,Consumo
134,2011-03-01,393160.91,Super,Consumo
135,2011-04-01,386749.27,Super,Consumo
136,2011-05-01,371876.75,Super,Consumo
137,2011-06-01,380800.43,Super,Consumo
138,2011-07-01,389294.64,Super,Consumo
139,2011-08-01,408494.51,Super,Consumo
140,2011-09-01,380453.23,Super,Consumo
141,2011-10-01,381309.5,Super,Consumo
142,2011-11-01,381871.84,Super,Consumo
143,2011-12-01,449904.1,Super,Consumo
144,2012-01-01,393781.94,Super,Consumo
145,2012-02-01,402633.55,Super,Consumo
146,2012-03-01,429534.5,Super,Consumo
147,2012-04-01,389264.02,Super,Consumo
148,2012-05-01,405877.41,Super,Consumo
149,2012-06-01,409111.24,Super,Consumo
150,2012-07-01,420370.6,Super,Consumo
151,2012-08-01,433828.02,Super,Consumo
152,2012-09-01,378478.8,Super,Consumo
153,2012-10-01,414523.22,Super,Consumo
154,2012-11-01,394751.47,Super,Consumo
155,2012-12-01,442191.43,Super,Consumo
156,2013-01-01,408557.45,Super,Consumo
157,2013-02-01,361215.69,Super,Consumo
158,2013-03-01,413744.86,Super,Consumo
159,2013-04-01,409238.3,Super,Consumo
160,2013-05-01,403354.79,Super,Consumo
161,2013-06-01,402012.07,Super,Consumo
162,2013-07-01,425154.22,Super,Consumo
163,2013-08-01,416968.15,Super,Consumo
164,2013-09-01,379479.78,Super,Consumo
165,2013-10-01,430179.69,Super,Consumo
166,2013-11-01,404692.46,Super,Consumo
167,2013-12-01,448135.35,Super,Consumo
168,2014-01-01,412617.93,Super,Consumo
169,2014-02-01,385430.58,Super,Consumo
170,2014-03-01,434863.96,Super,Consumo
171,2014-04-01,437470.07,Super,Consumo
172,2014-05-01,427487.2,Super,Consumo
173,2014-06-01,387299.1,Super,Consumo
174,2014-07-01,439137.13,Super,Consumo
175,2014-08-01,442953.1,Super,Consumo
176,2014-09-01,411466.28,Super,Consumo
177,2014-10-01,459922.48,Super,Consumo
178,2014-11-01,436467.9,Super,Consumo
179,2014-12-01,538899.26,Super,Consumo
180,2015-01-01,503135.7,Super,Consumo
181,2015-02-01,454190.88,Super,Consumo
182,2015-03-01,521879.26,Super,Consumo
183,2015-04-01,486779.41,Super,Consumo
184,2015-05-01,483594.83,Super,Consumo
185,2015-06-01,480892.11,Super,Consumo
186,2015-07-01,515322.66,Super,Consumo
187,2015-08-01,513413.0,Super,Consumo
188,2015-09-01,501658.043333333,Super,Consumo
189,2015-10-01,532741.14,Super,Consumo
190,2015-11-01,516486.95,Super,Consumo
191,2015-12-01,600161.72,Super,Consumo
192,2016-01-01,545737.53,Super,Consumo
193,2016-02-01,540459.19,Super,Consumo
194,2016-03-01,575720.92,Super,Consumo
195,2016-04-01,545605.47,Super,Consumo
196,2016-05-01,551000.79,Super,Consumo
197,2016-06-01,537583.25,Super,Consumo
198,2016-07-01,562778.84,Super,Consumo
199,2016-08-01,585748.5,Super,Consumo
200,2016-09-01,548491.65,Super,Consumo
201,2016-10-01,573754.73,Super,Consumo
202,2016-11-01,547323.53,Super,Consumo
203,2016-12-01,615251.51,Super,Consumo
204,2017-01-01,546212.16,Super,Consumo
205,2017-02-01,526888.94,Super,Consumo
206,2017-03-01,592249.34,Super,Consumo
207,2017-04-01,530345.96,Super,Consumo
208,2017-05-01,588861.62,Super,Consumo
209,2017-06-01,549378.05,Super,Consumo
210,2017-07-01,607702.7,Super,Consumo
211,2017-08-01,604650.34,Super,Consumo
212,2017-09-01,560892.67,Super,Consumo
213,2017-10-01,583658.83,Super,Consumo
214,2017-11-01,563345.61,Super,Consumo
215,2017-12-01,635423.76,Super,Consumo
216,2018-01-01,581802.98,Super,Consumo
217,2018-02-01,545210.0,Super,Consumo
218,2018-03-01,618402.18,Super,Consumo
219,2018-04-01,565665.72,Super,Consumo
220,2018-05-01,570129.66,Super,Consumo
221,2018-06-01,554431.5,Super,Consumo
222,2018-07-01,589775.97,Super,Consumo
223,2018-08-01,593659.63,Super,Consumo
224,2018-09-01,551547.83,Super,Consumo
225,2018-10-01,579474.43,Super,Consumo
226,2018-11-01,573687.35,Super,Consumo
227,2018-12-01,654281.25,Super,Consumo
228,2019-01-01,601714.9,Super,Consumo
229,2019-02-01,565425.02,Super,Consumo
230,2019-03-01,610720.58,Super,Consumo
231,2019-04-01,598956.3,Super,Consumo
232,2019-05-01,611592.32,Super,Consumo
233,2019-06-01,595744.38,Super,Consumo
234,2019-07-01,615559.33,Super,Consumo
235,2019-08-01,632415.7,Super,Consumo
236,2019-09-01,587861.84,Super,Consumo
237,2019-10-01,643044.33,Super,Consumo
238,2019-11-01,620572.21,Super,Consumo
239,2019-12-01,682468.14,Super,Consumo
240,2020-01-01,622323.79,Super,Consumo
241,2020-02-01,633100.05,Super,Consumo
242,2020-03-01,509752.95,Super,Consumo
243,2020-04-01,391773.23,Super,Consumo
244,2020-05-01,407482.52,Super,Consumo
245,2020-06-01,388952.81,Super,Consumo
246,2020-07-01,462380.81,Super,Consumo
247,2020-08-01,574379.33,Super,Consumo
248,2020-09-01,610445.1,Super,Consumo
249,2020-10-01,648582.82,Super,Consumo
250,2020-11-01,639856.62,Super,Consumo
251,2020-12-01,760695.45,Super,Consumo
252,2021-01-01,655512.66,Super,Consumo
253,2021-02-01,621712.09,Super,Consumo
254,2021-03-01,692240.49,Super,Consumo
255,2021-04-01,610310.75,Super,Consumo
256,2021-05-01,643076.84,Super,Consumo
257,2021-06-01,637332.81,Super,Consumo
258,2021-07-01,665472.94,Super,Consumo
259,2021-08-01,636824.61,Super,Consumo
260,2021-09-01,605257.76,Super,Consumo
261,2021-10-01,675821.54,Super,Consumo
262,2021-11-01,641916.4,Super,Consumo
263,2021-12-01,768102.83,Super,Consumo
264,2022-01-01,622475.129999999,Super,Consumo
265,2022-02-01,592075.13,Super,Consumo
266,2022-03-01,599582.36,Super,Consumo
267,2022-04-01,566128.019999999,Super,Consumo
268,2022-05-01,486297.11,Super,Consumo
269,2022-06-01,594706.014387709,Super,Consumo
270,2022-07-01,658792.40026471,Super,Consumo
271,2022-08-01,710456.109179999,Super,Consumo
272,2022-09-01,720119.250678558,Super,Consumo
273,2022-10-01,772628.403218373,Super,Consumo
274,2022-11-01,758208.478050491,Super,Consumo
275,2022-12-01,864042.420813823,Super,Consumo
276,2023-01-01,760106.740814804,Super,Consumo
277,2023-02-01,733581.647711101,Super,Consumo
278,2023-03-01,765526.525850685,Super,Consumo
279,2023-04-01,717933.680172237,Super,Consumo
280,2023-05-01,690398.920743514,Super,Consumo
281,2023-06-01,693854.134471369,Super,Consumo
282,2023-07-01,731759.5617879,Super,Consumo
283,2023-08-01,741500.662116475,Super,Consumo
284,2023-09-01,732443.218321135,Super,Consumo
285,2023-10-01,780934.149139337,Super,Consumo
286,2023-11-01,761938.018080733,Super,Consumo
287,2023-12-01,850764.540752007,Super,Consumo
288,2024-01-01,754687.930115889,Super,Consumo
289,2024-02-01,732092.941636727,Super,Consumo
290,2024-03-01,747052.19746094,Super,Consumo
291,2024-04-01,715170.297535014,Super,Consumo
292,2024-05-01,669043.452893571,Super,Consumo
293,2024-06-01,675021.267118406,Super,Consumo
294,2024-07-01,712786.261381044,Super,Consumo
295,2024-08-01,734827.13831622,Super,Consumo
296,2024-09-01,734813.86115334,Super,Consumo
297,2024-10-01,770718.211674115,Super,Consumo
298,2024-11-01,758822.605589295,Super,Consumo
299,2024-12-01,826394.330853878,Super,Consumo
300,2025-01-01,756760.382475798,Super,Consumo
301,2025-02-01,739297.614848422,Super,Consumo
302,2025-03-01,755707.581671645,Super,Consumo
303,2025-04-01,727553.636750482,Super,Consumo
304,2025-05-01,700360.936488182,Super,Consumo
0,2000-01-01,373963.96,Super,Importacion
1,2000-02-01,243091.07,Super,Importacion
2,2000-03-01,312084.38,Super,Importacion
3,2000-04-01,285054.89,Super,Importacion
4,2000-05-01,300913.67,Super,Importacion
5,2000-06-01,333217.19,Super,Importacion
6,2000-07-01,195071.86,Super,Importacion
7,2000-08-01,268153.26,Super,Importacion
8,2000-09-01,308439.07,Super,Importacion
9,2000-10-01,305102.28,Super,Importacion
10,2000-11-01,256638.19,Super,Importacion
11,2000-12-01,277145.05,Super,Importacion
12,2001-01-01,271479.0,Super,Importacion
13,2001-02-01,365657.75,Super,Importacion
14,2001-03-01,246292.6,Super,Importacion
15,2001-04-01,310256.3,Super,Importacion
16,2001-05-01,363311.76,Super,Importacion
17,2001-06-01,250123.19,Super,Importacion
18,2001-07-01,428842.8,Super,Importacion
19,2001-08-01,298280.33,Super,Importacion
20,2001-09-01,331053.7,Super,Importacion
21,2001-10-01,352055.5,Super,Importacion
22,2001-11-01,291188.76,Super,Importacion
23,2001-12-01,440677.81,Super,Importacion
24,2002-01-01,425185.5,Super,Importacion
25,2002-02-01,443849.85,Super,Importacion
26,2002-03-01,363352.66,Super,Importacion
27,2002-04-01,335444.69,Super,Importacion
28,2002-05-01,459025.69,Super,Importacion
29,2002-06-01,372486.53,Super,Importacion
30,2002-07-01,400922.97,Super,Importacion
31,2002-08-01,292365.04,Super,Importacion
32,2002-09-01,398192.16,Super,Importacion
33,2002-10-01,260219.92,Super,Importacion
34,2002-11-01,393951.96,Super,Importacion
35,2002-12-01,296780.15,Super,Importacion
36,2003-01-01,368235.14,Super,Importacion
37,2003-02-01,281891.97,Super,Importacion
38,2003-03-01,486880.82,Super,Importacion
39,2003-04-01,415426.0,Super,Importacion
40,2003-05-01,350052.95,Super,Importacion
41,2003-06-01,311238.01,Super,Importacion
42,2003-07-01,249710.687,Super,Importacion
43,2003-08-01,434578.12,Super,Importacion
44,2003-09-01,420550.29,Super,Importacion
45,2003-10-01,366886.3,Super,Importacion
46,2003-11-01,434710.94,Super,Importacion
47,2003-12-01,433149.96,Super,Importacion
48,2004-01-01,257867.99,Super,Importacion
49,2004-02-01,306660.39,Super,Importacion
50,2004-03-01,431907.81,Super,Importacion
51,2004-04-01,534151.81,Super,Importacion
52,2004-05-01,378616.3,Super,Importacion
53,2004-06-01,537398.43,Super,Importacion
54,2004-07-01,363410.9,Super,Importacion
55,2004-08-01,566618.55,Super,Importacion
56,2004-09-01,193484.5,Super,Importacion
57,2004-10-01,528877.09,Super,Importacion
58,2004-11-01,348687.81,Super,Importacion
59,2004-12-01,360807.0,Super,Importacion
60,2005-01-01,711860.77,Super,Importacion
61,2005-02-01,262170.9,Super,Importacion
62,2005-03-01,408065.34,Super,Importacion
63,2005-04-01,421300.82,Super,Importacion
64,2005-05-01,312024.7,Super,Importacion
65,2005-06-01,394014.85,Super,Importacion
66,2005-07-01,375951.16,Super,Importacion
67,2005-08-01,313326.86,Super,Importacion
68,2005-09-01,525623.15,Super,Importacion
69,2005-10-01,285505.0,Super,Importacion
70,2005-11-01,428590.5,Super,Importacion
71,2005-12-01,395132.09,Super,Importacion
72,2006-01-01,523730.31,Super,Importacion
73,2006-02-01,401855.41,Super,Importacion
74,2006-03-01,541817.85,Super,Importacion
75,2006-04-01,203441.33,Super,Importacion
76,2006-05-01,545587.63,Super,Importacion
77,2006-06-01,441537.39,Super,Importacion
78,2006-07-01,451180.82,Super,Importacion
79,2006-08-01,501840.27,Super,Importacion
80,2006-09-01,336120.81,Super,Importacion
81,2006-10-01,376377.75,Super,Importacion
82,2006-11-01,512550.51,Super,Importacion
83,2006-12-01,542916.97,Super,Importacion
84,2007-01-01,204788.3,Super,Importacion
85,2007-02-01,545139.83,Super,Importacion
86,2007-03-01,405713.48,Super,Importacion
87,2007-04-01,570256.98,Super,Importacion
88,2007-05-01,424954.88,Super,Importacion
89,2007-06-01,273398.73,Super,Importacion
90,2007-07-01,384549.7,Super,Importacion
91,2007-08-01,241881.47,Super,Importacion
92,2007-09-01,423244.17,Super,Importacion
93,2007-10-01,329762.3,Super,Importacion
94,2007-11-01,386365.05,Super,Importacion
95,2007-12-01,458949.42,Super,Importacion
96,2008-01-01,382300.56,Super,Importacion
97,2008-02-01,522820.81,Super,Importacion
98,2008-03-01,626630.99,Super,Importacion
99,2008-04-01,348267.66,Super,Importacion
100,2008-05-01,341700.48,Super,Importacion
101,2008-06-01,589337.79,Super,Importacion
102,2008-07-01,337172.65,Super,Importacion
103,2008-08-01,476525.36,Super,Importacion
104,2008-09-01,321728.95,Super,Importacion
105,2008-10-01,639524.61,Super,Importacion
106,2008-11-01,321859.44,Super,Importacion
107,2008-12-01,435416.18,Super,Importacion
108,2009-01-01,318949.72,Super,Importacion
109,2009-02-01,492452.55,Super,Importacion
110,2009-03-01,303762.94,Super,Importacion
111,2009-04-01,562996.07,Super,Importacion
112,2009-05-01,429729.38,Super,Importacion
113,2009-06-01,464310.8,Super,Importacion
114,2009-07-01,456588.39,Super,Importacion
115,2009-08-01,475714.12,Super,Importacion
116,2009-09-01,321134.56,Super,Importacion
117,2009-10-01,493794.29,Super,Importacion
118,2009-11-01,241062.76,Super,Importacion
119,2009-12-01,652210.77,Super,Importacion
120,2010-01-01,391997.54,Super,Importacion
121,2010-02-01,437769.48,Super,Importacion
122,2010-03-01,445920.27,Super,Importacion
123,2010-04-01,357349.67,Super,Importacion
124,2010-05-01,433038.13,Super,Importacion
125,2010-06-01,354604.94,Super,Importacion
126,2010-07-01,369694.76,Super,Importacion
127,2010-08-01,270765.31,Super,Importacion
128,2010-09-01,335803.82,Super,Importacion
129,2010-10-01,351555.66,Super,Importacion
130,2010-11-01,450212.8,Super,Importacion
131,2010-12-01,534925.36,Super,Importacion
132,2011-01-01,434648.17,Super,Importacion
133,2011-02-01,372893.49,Super,Importacion
134,2011-03-01,354160.85,Super,Importacion
135,2011-04-01,399701.69,Super,Importacion
136,2011-05-01,380531.85,Super,Importacion
137,2011-06-01,550379.33,Super,Importacion
138,2011-07-01,271509.2,Super,Importacion
139,2011-08-01,361307.2,Super,Importacion
140,2011-09-01,372989.29,Super,Importacion
141,2011-10-01,600094.03,Super,Importacion
142,2011-11-01,359818.54,Super,Importacion
143,2011-12-01,419029.17,Super,Importacion
144,2012-01-01,433924.69,Super,Importacion
145,2012-02-01,470483.98,Super,Importacion
146,2012-03-01,429974.17,Super,Importacion
147,2012-04-01,430259.18,Super,Importacion
148,2012-05-01,532379.66,Super,Importacion
149,2012-06-01,284038.03,Super,Importacion
150,2012-07-01,486075.06,Super,Importacion
151,2012-08-01,347066.11,Super,Importacion
152,2012-09-01,373303.31,Super,Importacion
153,2012-10-01,372946.33,Super,Importacion
154,2012-11-01,496029.72,Super,Importacion
155,2012-12-01,358799.64,Super,Importacion
156,2013-01-01,457365.46,Super,Importacion
157,2013-02-01,455726.06,Super,Importacion
158,2013-03-01,582572.93,Super,Importacion
159,2013-04-01,270302.22,Super,Importacion
160,2013-05-01,563319.79,Super,Importacion
161,2013-06-01,404603.55,Super,Importacion
162,2013-07-01,558403.41,Super,Importacion
163,2013-08-01,398563.48,Super,Importacion
164,2013-09-01,547486.22,Super,Importacion
165,2013-10-01,379572.07,Super,Importacion
166,2013-11-01,533524.4,Super,Importacion
167,2013-12-01,583081.57,Super,Importacion
168,2014-01-01,471973.3,Super,Importacion
169,2014-02-01,664315.85,Super,Importacion
170,2014-03-01,622883.1,Super,Importacion
171,2014-04-01,599558.55,Super,Importacion
172,2014-05-01,618319.21,Super,Importacion
173,2014-06-01,525280.85,Super,Importacion
174,2014-07-01,616269.01,Super,Importacion
175,2014-08-01,467373.13,Super,Importacion
176,2014-09-01,576250.29,Super,Importacion
177,2014-10-01,533620.64,Super,Importacion
178,2014-11-01,724273.97,Super,Importacion
179,2014-12-01,498798.79,Super,Importacion
180,2015-01-01,729211.43,Super,Importacion
181,2015-02-01,405559.45,Super,Importacion
182,2015-03-01,771024.11,Super,Importacion
183,2015-04-01,502728.88,Super,Importacion
184,2015-05-01,615900.31,Super,Importacion
185,2015-06-01,502082.45,Super,Importacion
186,2015-07-01,618366.1,Super,Importacion
187,2015-08-01,625218.9,Super,Importacion
188,2015-09-01,677892.97,Super,Importacion
189,2015-10-01,546154.65,Super,Importacion
190,2015-11-01,725548.16,Super,Importacion
191,2015-12-01,526573.96,Super,Importacion
192,2016-01-01,748233.58,Super,Importacion
193,2016-02-01,497707.41,Super,Importacion
194,2016-03-01,734984.24,Super,Importacion
195,2016-04-01,632843.41,Super,Importacion
196,2016-05-01,442311.09,Super,Importacion
197,2016-06-01,582374.34,Super,Importacion
198,2016-07-01,769214.06,Super,Importacion
199,2016-08-01,607368.72,Super,Importacion
200,2016-09-01,401678.98,Super,Importacion
201,2016-10-01,657241.76,Super,Importacion
202,2016-11-01,504247.31,Super,Importacion
203,2016-12-01,803216.88,Super,Importacion
204,2017-01-01,535784.7,Super,Importacion
205,2017-02-01,629467.91,Super,Importacion
206,2017-03-01,529507.15,Super,Importacion
207,2017-04-01,617512.28,Super,Importacion
208,2017-05-01,580329.35,Super,Importacion
209,2017-06-01,558257.59,Super,Importacion
210,2017-07-01,784601.77,Super,Importacion
211,2017-08-01,541557.34,Super,Importacion
212,2017-09-01,536897.09,Super,Importacion
213,2017-10-01,663440.34,Super,Importacion
214,2017-11-01,509382.86,Super,Importacion
215,2017-12-01,631652.56,Super,Importacion
216,2018-01-01,684504.84,Super,Importacion
217,2018-02-01,521555.38,Super,Importacion
218,2018-03-01,704276.53,Super,Importacion
219,2018-04-01,656495.95,Super,Importacion
220,2018-05-01,568128.41,Super,Importacion
221,2018-06-01,629788.43,Super,Importacion
222,2018-07-01,516273.85,Super,Importacion
223,2018-08-01,713859.98,Super,Importacion
224,2018-09-01,491194.71,Super,Importacion
225,2018-10-01,691407.73,Super,Importacion
226,2018-11-01,658706.42,Super,Importacion
227,2018-12-01,797580.75,Super,Importacion
228,2019-01-01,573220.63,Super,Importacion
229,2019-02-01,611314.13,Super,Importacion
230,2019-03-01,809640.18,Super,Importacion
231,2019-04-01,453153.09,Super,Importacion
232,2019-05-01,170292.5,Super,Importacion
233,2019-06-01,415672.19,Super,Importacion
234,2019-07-01,347541.59,Super,Importacion
235,2019-08-01,414416.34,Super,Importacion
236,2019-09-01,563742.5,Super,Importacion
237,2019-10-01,733692.01,Super,Importacion
238,2019-11-01,570262.17,Super,Importacion
239,2019-12-01,777450.55,Super,Importacion
240,2020-01-01,642652.37,Super,Importacion
241,2020-02-01,726508.78,Super,Importacion
242,2020-03-01,850334.64,Super,Importacion
243,2020-04-01,1227173.53,Super,Importacion
244,2020-05-01,649783.14,Super,Importacion
245,2020-06-01,623695.2,Super,Importacion
246,2020-07-01,689717.29,Super,Importacion
247,2020-08-01,685977.45,Super,Importacion
248,2020-09-01,646233.31,Super,Importacion
249,2020-10-01,589405.56,Super,Importacion
250,2020-11-01,623392.63,Super,Importacion
251,2020-12-01,640981.15,Super,Importacion
252,2021-01-01,947207.51,Super,Importacion
253,2021-02-01,673653.799999999,Super,Importacion
254,2021-03-01,592318.21,Super,Importacion
255,2021-04-01,493951.749999999,Super,Importacion
256,2021-05-01,663348.94,Super,Importacion
257,2021-06-01,737647.580158252,Super,Importacion
258,2021-07-01,776116.538652729,Super,Importacion
259,2021-08-01,757066.005772635,Super,Importacion
260,2021-09-01,772362.374812798,Super,Importacion
261,2021-10-01,772526.284299525,Super,Importacion
262,2021-11-01,772560.638160065,Super,Importacion
263,2021-12-01,768000.125270759,Super,Importacion
264,2022-01-01,742059.337981783,Super,Importacion
265,2022-02-01,765104.65826973,Super,Importacion
266,2022-03-01,774073.669016146,Super,Importacion
267,2022-04-01,785965.168031407,Super,Importacion
268,2022-05-01,766731.312532214,Super,Importacion
269,2022-06-01,772362.038249189,Super,Importacion
270,2022-07-01,768482.621457548,Super,Importacion
271,2022-08-01,770241.656585641,Super,Importacion
272,2022-09-01,769018.992851457,Super,Importacion
273,2022-10-01,769283.279322091,Super,Importacion
274,2022-11-01,769109.828773498,Super,Importacion
275,2022-12-01,769441.211930408,Super,Importacion
276,2023-01-01,770668.639508468,Super,Importacion
277,2023-02-01,769555.38902094,Super,Importacion
278,2023-03-01,769128.123676348,Super,Importacion
279,2023-04-01,768610.039886568,Super,Importacion
280,2023-05-01,769452.947358838,Super,Importacion
281,2023-06-01,769174.526990457,Super,Importacion
282,2023-07-01,769375.882623532,Super,Importacion
283,2023-08-01,769289.801272418,Super,Importacion
284,2023-09-01,769341.340092676,Super,Importacion
285,2023-10-01,769316.466300802,Super,Importacion
286,2023-11-01,769332.234083766,Super,Importacion
287,2023-12-01,769319.760484562,Super,Importacion
288,2024-01-01,769311.266424363,Super,Importacion
289,2024-02-01,769320.719767348,Super,Importacion
290,2024-03-01,769324.6397498,Super,Importacion
291,2024-04-01,769326.053960903,Super,Importacion
292,2024-05-01,769323.685218268,Super,Importacion
